from,to,inSitemap
"/therapists/bruno-dallas-tx","/therapists","true"
"/cookies","/cookie-policy","false"
"/cities/addison-tx","/addison","false"
"/cities/arlington-tx","/arlington","false"
"/cities/austin-tx","/austin","false"
"/cities/beaumont-tx","/beaumont","false"
"/cities/carrollton-tx","/carrollton","false"
"/cities/dallas-tx","/dallas","false"
"/cities/el-paso-tx","/el-paso","false"
"/cities/farmers-branch-tx","/farmers-branch","false"
"/cities/fort-worth-tx","/fort-worth","false"
"/cities/frisco-tx","/frisco","false"
"/cities/grand-prairie-tx","/grand-prairie","false"
"/cities/highland-park-tx","/highland-park","false"
"/cities/houston-tx","/houston","false"
"/cities/humble-tx","/humble","false"
"/cities/irving-tx","/irving","false"
"/cities/mckinney-tx","/mckinney","false"
"/cities/mesquite-tx","/mesquite","false"
"/cities/new-braunfels-tx","/new-braunfels","false"
"/cities/plano-tx","/plano","false"
"/cities/richardson-tx","/richardson","false"
"/cities/san-antonio-tx","/san-antonio","false"
"/cities/the-woodlands-tx","/the-woodlands","false"
"/cities/anaheim-ca","/anaheim","false"
"/cities/bakersfield-ca","/bakersfield","false"
"/cities/berkeley-ca","/berkeley","false"
"/cities/beverly-hills-ca","/beverly-hills","false"
"/cities/burbank-ca","/burbank","false"
"/cities/cathedral-city-ca","/cathedral-city","false"
"/cities/chula-vista-ca","/chula-vista","false"
"/cities/concord-ca","/concord","false"
"/cities/costa-mesa-ca","/costa-mesa","false"
"/cities/culver-city-ca","/culver-city","false"
"/cities/el-cajon-ca","/el-cajon","false"
"/cities/emeryville-ca","/emeryville","false"
"/cities/encinitas-ca","/encinitas","false"
"/cities/fontana-ca","/fontana","false"
"/cities/fountain-valley-ca","/fountain-valley","false"
"/cities/fresno-ca","/fresno","false"
"/cities/fullerton-ca","/fullerton","false"
"/cities/glendale-ca","/glendale","false"
"/cities/guerneville-ca","/guerneville","false"
"/cities/hermosa-beach-ca","/hermosa-beach","false"
"/cities/huntington-beach-ca","/huntington-beach","false"
"/cities/irvine-ca","/irvine","false"
"/cities/la-habra-ca","/la-habra","false"
"/cities/la-mesa-ca","/la-mesa","false"
"/cities/la-quinta-ca","/la-quinta","false"
"/cities/laguna-beach-ca","/laguna-beach","false"
"/cities/laguna-hills-ca","/laguna-hills","false"
"/cities/long-beach-ca","/long-beach","false"
"/cities/los-angeles-ca","/los-angeles","false"
"/cities/marina-del-rey-ca","/marina-del-rey","false"
"/cities/mission-viejo-ca","/mission-viejo","false"
"/cities/modesto-ca","/modesto","false"
"/cities/monterey-ca","/monterey","false"
"/cities/mountain-view-ca","/mountain-view","false"
"/cities/napa-ca","/napa","false"
"/cities/novato-ca","/novato","false"
"/cities/oakland-ca","/oakland","false"
"/cities/oceanside-ca","/oceanside","false"
"/cities/ontario-ca","/ontario","false"
"/cities/orange-ca","/orange","false"
"/cities/palm-desert-ca","/palm-desert","false"
"/cities/palm-springs-ca","/palm-springs","false"
"/cities/palo-alto-ca","/palo-alto","false"
"/cities/pasadena-ca","/pasadena","false"
"/cities/petaluma-ca","/petaluma","false"
"/cities/rancho-mirage-ca","/rancho-mirage","false"
"/cities/redding-ca","/redding","false"
"/cities/redondo-beach-ca","/redondo-beach","false"
"/cities/sacramento-ca","/sacramento","false"
"/cities/san-diego-ca","/san-diego","false"
"/cities/san-francisco-ca","/san-francisco","false"
"/cities/san-jose-ca","/san-jose","false"
"/cities/san-luis-obispo-ca","/san-luis-obispo","false"
"/cities/san-marcos-ca","/san-marcos","false"
"/cities/san-mateo-ca","/san-mateo","false"
"/cities/santa-ana-ca","/santa-ana","false"
"/cities/santa-barbara-ca","/santa-barbara","false"
"/cities/santa-cruz-ca","/santa-cruz","false"
"/cities/santa-monica-ca","/santa-monica","false"
"/cities/santa-rosa-ca","/santa-rosa","false"
"/cities/sunnyvale-ca","/sunnyvale","false"
"/cities/torrance-ca","/torrance","false"
"/cities/vista-ca","/vista","false"
"/cities/west-covina-ca","/west-covina","false"
"/cities/west-hollywood-ca","/west-hollywood","false"
"/cities/aventura-fl","/aventura","false"
"/cities/boca-raton-fl","/boca-raton","false"
"/cities/bonita-springs-fl","/bonita-springs","false"
"/cities/boynton-beach-fl","/boynton-beach","false"
"/cities/cape-coral-fl","/cape-coral","false"
"/cities/clearwater-fl","/clearwater","false"
"/cities/coconut-creek-fl","/coconut-creek","false"
"/cities/coral-gables-fl","/coral-gables","false"
"/cities/coral-springs-fl","/coral-springs","false"
"/cities/dania-beach-fl","/dania-beach","false"
"/cities/delray-beach-fl","/delray-beach","false"
"/cities/destin-fl","/destin","false"
"/cities/fort-lauderdale-fl","/fort-lauderdale","false"
"/cities/fort-myers-fl","/fort-myers","false"
"/cities/gainesville-fl","/gainesville","false"
"/cities/hallandale-beach-fl","/hallandale-beach","false"
"/cities/hialeah-fl","/hialeah","false"
"/cities/hollywood-fl","/hollywood","false"
"/cities/homestead-fl","/homestead","false"
"/cities/jacksonville-fl","/jacksonville","false"
"/cities/key-west-fl","/key-west","false"
"/cities/lakeland-fl","/lakeland","false"
"/cities/lauderhill-fl","/lauderhill","false"
"/cities/miami-fl","/miami","false"
"/cities/miami-beach-fl","/miami-beach","false"
"/cities/miami-gardens-fl","/miami-gardens","false"
"/cities/miramar-fl","/miramar","false"
"/cities/naples-fl","/naples","false"
"/cities/orlando-fl","/orlando","false"
"/cities/palm-beach-fl","/palm-beach","false"
"/cities/panama-city-beach-fl","/panama-city-beach","false"
"/cities/pinellas-park-fl","/pinellas-park","false"
"/cities/pompano-beach-fl","/pompano-beach","false"
"/cities/sarasota-fl","/sarasota","false"
"/cities/st-petersburg-fl","/st-petersburg","false"
"/cities/sunrise-fl","/sunrise","false"
"/cities/sunny-isles-beach-fl","/sunny-isles-beach","false"
"/cities/tallahassee-fl","/tallahassee","false"
"/cities/tampa-fl","/tampa","false"
"/cities/west-palm-beach-fl","/west-palm-beach","false"
"/cities/wilton-manors-fl","/wilton-manors","false"
"/cities/winter-park-fl","/winter-park","false"
"/cities/albany-ny","/albany","false"
"/cities/brooklyn-ny","/brooklyn","false"
"/cities/buffalo-ny","/buffalo","false"
"/cities/fire-island-ny","/fire-island","false"
"/cities/manhattan-ny","/manhattan","false"
"/cities/new-york-ny","/new-york","false"
"/cities/poughkeepsie-ny","/poughkeepsie","false"
"/cities/queens-ny","/queens","false"
"/cities/staten-island-ny","/staten-island","false"
"/cities/syracuse-ny","/syracuse","false"
"/cities/yonkers-ny","/yonkers","false"
"/cities/chicago-il","/chicago","false"
"/cities/rosemont-il","/rosemont","false"
"/cities/skokie-il","/skokie","false"
"/cities/atlanta-ga","/atlanta","false"
"/cities/brookhaven-ga","/brookhaven","false"
"/cities/chamblee-ga","/chamblee","false"
"/cities/decatur-ga","/decatur","false"
"/cities/marietta-ga","/marietta","false"
"/cities/sandy-springs-ga","/sandy-springs","false"
"/cities/savannah-ga","/savannah","false"
"/cities/auburn-wa","/auburn","false"
"/cities/beaverton-or","/beaverton","false"
"/cities/everett-wa","/everett","false"
"/cities/puyallup-wa","/puyallup","false"
"/cities/seattle-wa","/seattle","false"
"/cities/aurora-co","/aurora","false"
"/cities/centennial-co","/centennial","false"
"/cities/colorado-springs-co","/colorado-springs","false"
"/cities/denver-co","/denver","false"
"/cities/fort-collins-co","/fort-collins","false"
"/cities/grand-junction-co","/grand-junction","false"
"/cities/westminster-co","/westminster","false"
"/cities/goodyear-az","/goodyear","false"
"/cities/mesa-az","/mesa","false"
"/cities/peoria-az","/peoria","false"
"/cities/phoenix-az","/phoenix","false"
"/cities/scottsdale-az","/scottsdale","false"
"/cities/sedona-az","/sedona","false"
"/cities/surprise-az","/surprise","false"
"/cities/tempe-az","/tempe","false"
"/cities/tucson-az","/tucson","false"
"/cities/henderson-nv","/henderson","false"
"/cities/las-vegas-nv","/las-vegas","false"
"/cities/spring-valley-nv","/spring-valley","false"
"/cities/gresham-or","/gresham","false"
"/cities/medford-or","/medford","false"
"/cities/portland-or","/portland","false"
"/cities/tigard-or","/tigard","false"
"/cities/duluth-mn","/duluth","false"
"/cities/minneapolis-mn","/minneapolis","false"
"/cities/st-paul-mn","/st-paul","false"
"/cities/washington-dc","/washington-dc","false"
"/cities/boston-ma","/boston","false"
"/cities/brookline-ma","/brookline","false"
"/cities/cambridge-ma","/cambridge","false"
"/cities/northampton-ma","/northampton","false"
"/cities/provincetown-ma","/provincetown","false"
"/cities/salem-ma","/salem","false"
"/cities/somerville-ma","/somerville","false"
"/cities/waltham-ma","/waltham","false"
"/cities/allentown-pa","/allentown","false"
"/cities/bethlehem-pa","/bethlehem","false"
"/cities/harrisburg-pa","/harrisburg","false"
"/cities/new-hope-pa","/new-hope","false"
"/cities/philadelphia-pa","/philadelphia","false"
"/cities/pittsburgh-pa","/pittsburgh","false"
"/cities/west-chester-pa","/west-chester","false"
"/cities/cincinnati-oh","/cincinnati","false"
"/cities/cleveland-oh","/cleveland","false"
"/cities/columbus-oh","/columbus","false"
"/cities/ann-arbor-mi","/ann-arbor","false"
"/cities/detroit-mi","/detroit","false"
"/cities/grand-rapids-mi","/grand-rapids","false"
"/cities/saugatuck-mi","/saugatuck","false"
"/cities/southfield-mi","/southfield","false"
"/cities/franklin-tn","/franklin","false"
"/cities/knoxville-tn","/knoxville","false"
"/cities/memphis-tn","/memphis","false"
"/cities/nashville-tn","/nashville","false"
"/cities/asheville-nc","/asheville","false"
"/cities/charlotte-nc","/charlotte","false"
"/cities/durham-nc","/durham","false"
"/cities/fayetteville-nc","/fayetteville","false"
"/cities/gastonia-nc","/gastonia","false"
"/cities/greensboro-nc","/greensboro","false"
"/cities/raleigh-nc","/raleigh","false"
"/cities/wilmington-nc","/wilmington","false"
"/cities/winston-salem-nc","/winston-salem","false"
"/cities/charleston-sc","/charleston","false"
"/cities/columbia-sc","/columbia","false"
"/cities/kansas-city-mo","/kansas-city","false"
"/cities/st-louis-mo","/st-louis","false"
"/cities/evansville-in","/evansville","false"
"/cities/indianapolis-in","/indianapolis","false"
"/cities/madison-wi","/madison","false"
"/cities/milwaukee-wi","/milwaukee","false"
"/cities/baltimore-md","/baltimore","false"
"/cities/columbia-md","/columbia-md","false"
"/cities/gaithersburg-md","/gaithersburg","false"
"/cities/hyattsville-md","/hyattsville","false"
"/cities/rockville-md","/rockville","false"
"/cities/silver-spring-md","/silver-spring","false"
"/cities/alexandria-va","/alexandria","false"
"/cities/arlington-va","/arlington-va","false"
"/cities/falls-church-va","/falls-church","false"
"/cities/hampton-va","/hampton","false"
"/cities/mclean-va","/mclean","false"
"/cities/norfolk-va","/norfolk","false"
"/cities/reston-va","/reston","false"
"/cities/richmond-va","/richmond","false"
"/cities/tysons-va","/tysons","false"
"/cities/virginia-beach-va","/virginia-beach","false"
"/cities/metairie-la","/metairie","false"
"/cities/new-orleans-la","/new-orleans","false"
"/cities/louisville-ky","/louisville","false"
"/cities/edmond-ok","/edmond","false"
"/cities/oklahoma-city-ok","/oklahoma-city","false"
"/cities/tulsa-ok","/tulsa","false"
"/cities/danbury-ct","/danbury","false"
"/cities/hartford-ct","/hartford","false"
"/cities/new-haven-ct","/new-haven","false"
"/cities/asbury-park-nj","/asbury-park","false"
"/cities/atlantic-city-nj","/atlantic-city","false"
"/cities/cherry-hill-nj","/cherry-hill","false"
"/cities/jersey-city-nj","/jersey-city","false"
"/cities/newark-nj","/newark","false"
"/cities/north-bergen-nj","/north-bergen","false"
"/cities/union-city-nj","/union-city","false"
"/cities/albuquerque-nm","/albuquerque","false"
"/cities/santa-fe-nm","/santa-fe","false"
"/cities/millcreek-ut","/millcreek","false"
"/cities/salt-lake-city-ut","/salt-lake-city","false"
"/cities/sandy-ut","/sandy","false"
"/cities/honolulu-hi","/honolulu","false"
"/cities/pearl-city-hi","/pearl-city","false"
"/cities/birmingham-al","/birmingham","false"
"/cities/omaha-ne","/omaha","false"
"/cities/des-moines-ia","/des-moines","false"
"/cities/providence-ri","/providence","false"
"/cities/boise-id","/boise","false"
"/cities/san-juan-pr","/san-juan","false"
"/cities/anchorage-ak","/anchorage","false"
"/cities/little-rock-ar","/little-rock","false"
"/cities/bismarck-nd","/bismarck","false"
"/cities/billings-mt","/billings","false"
"/cities/lewes-de","/lewes","false"
"/cities/rehoboth-beach-de","/rehoboth-beach","false"
"/cities/ogunquit-me","/ogunquit","false"
"/pro/billing","/login","false"
"/cities/birmingham","/birmingham","false"
"/cities/anchorage","/anchorage","false"
"/cities/goodyear","/goodyear","false"
"/cities/mesa","/mesa","false"
"/cities/peoria","/peoria","false"
"/cities/phoenix","/phoenix","false"
"/cities/scottsdale","/scottsdale","false"
"/cities/sedona","/sedona","false"
"/cities/surprise","/surprise","false"
"/cities/tempe","/tempe","false"
"/cities/tucson","/tucson","false"
"/cities/little-rock","/little-rock","false"
"/register","/signup/account","false"